FIPS,AveBMI,AvePM,NumTot,MedHVal,MedHInc,PerAsianAm,PerBlack,PerLatinx,PerWhite,FemaleUnemp,MaleUnemp,LTHS,State,ClimateRegion
12071,26.98959330252407,6.9669419999999995,497885,210600,50014,0.012882492945158018,0.06449481305924058,0.15258945338783053,0.7580023499402473,8.1,9.8,23.1,FL,southeast
39017,27.79763538377075,13.411243830676026,275526,160600,54788,0.02365294019439182,0.06559090612138238,0.03196794494893404,0.8656061496918621,6.4,8.3,11.1,OH,ohio_valley
17039,26.742344975443913,12.031373,12739,96200,45347,0.003375461182196405,0.005023942224664416,0.014993327576732867,0.9686788601931078,5.4,8,12.1,IL,ohio_valley
01113,29.73609547092988,12.7366816446953,39448,93300,32481,0.004993916041370919,0.39436726830257557,0.030293044007300752,0.5530571892111134,NA,NA,26.5,NA,NA
37027,27.34414639343232,10.106140092890689,64243,106900,37261,0.004545242283205952,0.04585713618604362,0.03447846457979858,0.905841881605778,10.6,9.4,21.6,NC,southeast
31153,27.44597625005131,10.730493013480938,113118,158600,68280,0.02223341996852844,0.03821672943298149,0.0595219151682314,0.8612864442440638,4.2,4,10.7,NE,rockies
17145,26.619045209101532,10.209090999999999,17717,76900,40696,0.003781678613760795,0.09646102613309251,0.027487723655246373,0.8641417847265338,7.5,10,33.7,IL,ohio_valley
37037,26.483207330387163,8.898291,49664,193900,56038,0.01051063144329897,0.13367831829896906,0.09934761597938144,0.7452682023195877,6.3,5.8,28.6,NC,southeast
28027,32.447171974896946,11.450833,18487,53400,24726,0.004543733434305188,0.7153675555795965,0.010926597068210094,0.26521339319521825,13.1,17.6,27.6,MS,south
06067,27.43711991666776,8.03111285584839,1055735,324200,56439,0.14085447579174698,0.09517255750732902,0.18482100148237957,0.5294633596499122,NA,NA,17.3,NA,NA
44005,26.59649433372247,7.925849615309234,66462,388800,67239,0.01495591465800006,0.030889831783575575,0.033387499623845206,0.900078240197406,4.2,5.5,12.2,RI,northeast
18145,28.440100725551208,13.791525,33591,126400,52292,0.00494179988687446,0.008990503408651127,0.028698163198475783,0.9497186746449942,8.3,6.4,26.1,IN,ohio_valley
42051,28.169035485284628,11.316949,108926,82500,34796,0.002845968822870573,0.04366267006958853,0.0064722839358830764,0.938683142684024,7.6,9.7,20.6,PA,northeast
37065,31.12766819525796,9.640236362283536,42673,82600,32665,0.001945023785531835,0.5550113655004335,0.02922222482600239,0.4052210999929698,14,13.3,22,NC,southeast
36031,26.357745569177684,4.365455,31784,148100,45216,0.005883463377800151,0.0297948653410521,0.026868864837654164,0.925874653913919,7.2,6.5,20.3,NY,northeast
51065,26.956944899964434,9.424166999999999,19773,246100,68223,0.005816011733171497,0.1569311687654883,0.023365194962828097,0.8015475648611743,2.8,5.9,14.6,VA,southeast
10005,28.004357562772125,9.799307478043968,156838,243700,51046,0.009187824379295833,0.11255563065073515,0.06696081306826152,0.7960188219691656,6.9,6.6,26,DE,northeast
01067,28.759863230872515,10.271716999999999,13384,89700,38379,0.0021667662881052004,0.2763000597728631,0.01748356246264196,0.6952331141661685,NA,NA,24.5,NA,NA
21239,27.71123881701015,11.856039577528588,18936,180800,56537,0.0037494719053654414,0.05027460920997043,0.05360160540768906,0.8843472750316856,6.7,4.3,13.7,KY,ohio_valley
19013,27.651555413499956,10.761285748849282,102594,118600,44178,0.012456868822738172,0.07482893736475817,0.02792560968477689,0.8727703374466343,5,6.9,9.8,IA,upper_midwest
12061,27.444823423971684,7.3008883384815935,112076,198200,47341,0.011831257361076413,0.07353046147257218,0.09191084621149934,0.8124130054605804,9.1,11.9,24.7,FL,southeast
06093,25.825649570530828,4.501818,35575,237400,36981,0.012143359100491918,0.012396345748418833,0.08177090653548841,0.8278285312719607,NA,NA,13.9,NA,NA
45037,28.32868370260047,10.629476524042932,21214,101600,42834,0.0034882624681813897,0.36315640614688416,0.055482228716885074,0.5677854247195249,8.1,8.9,26.5,SC,southeast
18003,28.513557254519537,11.843442999999999,259371,113200,48714,0.02419314418342837,0.10595633282055435,0.05132416499917107,0.8021791179430237,7.2,7.9,19.9,IN,ohio_valley
01009,28.500540172715937,10.815232325095067,43216,113700,45549,0.002059422436134765,0.012125138837467605,0.06303221029248426,0.9090383191410588,NA,NA,22.4,NA,NA
22019,27.932065645951372,9.521857426160748,143756,109400,43758,0.011053451682016751,0.2305712457219177,0.022816438966025764,0.7174796182420212,6.1,8,19.4,LA,south
51520,24.195918457108952,10.830508,14128,94100,32079,0.006441109852774632,0.05195356738391846,0.010121744054360136,0.9186721404303511,10.2,9.3,16.6,VA,southeast
46029,26.75801108622821,8.749138,20478,131000,43275,0.004297294657681414,0.002685809161050884,0.01054790506885438,0.9597128625842367,3.2,3.4,21.1,SD,rockies
41067,27.00340863666353,6.268056832227258,393872,303700,62574,0.08657634967705244,0.015662448714303123,0.12712251695982452,0.7393747207214526,6.5,7.2,17.7,OR,northwest
18147,29.135285373587035,12.967645117214595,15889,111600,52105,0.0029580212725785135,0.004531436843098999,0.017307571275725346,0.9690351815721568,5.4,5.2,16.9,IN,ohio_valley
17073,27.99485377137583,9.8,38391,108800,49164,0.003203875908416035,0.012528978145919616,0.03503425281967128,0.9409757495246281,3.1,5.8,15.4,IL,ohio_valley
45025,30.098626320260344,10.201694999999999,35177,77600,32979,0.0034113198965232965,0.3119936322028598,0.030474457742274783,0.6414418512095972,11.1,9.9,27.1,SC,southeast
28101,27.253576675573303,11.177311,16067,67100,36154,0.0024273355324578327,0.2889151677351092,0.01064293271923819,0.6566253812161573,5.5,3.9,16.9,MS,south
01079,28.19448998507595,10.971867573966076,26375,97600,40516,0.0012511848341232228,0.11537440758293839,0.011639810426540284,0.7862369668246445,NA,NA,24,NA,NA
08031,26.12231236062856,7.884821183328777,471392,240900,45501,0.033816865793225175,0.09272325368270994,0.26540755888941686,0.5831112959065915,NA,NA,20.2,NA,NA
36081,27.073081217602418,9.548071371068232,1768821,479300,55291,0.23062028322820682,0.1724736420474429,0.25959608123150957,0.29799001707917305,8,7.8,17.6,NY,northeast
06029,28.798208874355254,16.07773607196828,585550,217100,47089,0.042780292033131245,0.05537870378276834,0.43816924259243445,0.4376107932712834,NA,NA,25,NA,NA
25023,27.04324489384267,7.848361,375444,360700,73131,0.011636888590575425,0.06318119346693515,0.026627140132749492,0.8573369130948957,6.2,8,15.1,MA,northeast
51540,25.894864939413537,9.424166999999999,37001,279700,42240,0.06875489851625632,0.1694819058944353,0.04626901975622281,0.6922785870652145,4.4,4,5.1,VA,southeast
53061,27.43175055431639,7.064543,539168,338600,66300,0.08911693572318832,0.023326681108671136,0.07228544720754941,0.7741242061843433,6.1,6.7,17.7,WA,northwest
28075,28.65545192871417,11.177311,60181,83200,33926,0.007311277645768598,0.39454312822984,0.01596849503996278,0.5749655206792842,9.1,8.7,19.3,MS,south
55063,25.784401350993846,9.693277,90176,148700,49328,0.0334013484740951,0.011133782824698367,0.0120763839602555,0.931500621007807,3.6,5.8,4.8,WI,upper_midwest
12015,26.38319611884202,6.9669419999999995,137100,184900,45037,0.01099927060539752,0.04884026258205689,0.04665937272064187,0.8821808898614151,10.1,10.9,18.3,FL,southeast
37199,26.483621708030007,9.890513445176115,14256,129700,35703,0.001893939393939394,0.006593714927048261,0.032196969696969696,0.9515993265993266,5.6,4.2,14.6,NC,southeast
28067,28.413285517909276,12.24544700801128,50413,79500,36017,0.004165592208358955,0.25675916926189674,0.04169559439033583,0.6888897704957054,5,6,21.9,MS,south
19103,26.880473988098252,11.458888339803401,104964,177000,51380,0.0524179718760718,0.038070195495598494,0.04008040852101673,0.8543500628787013,2.9,3.9,2.8,IA,upper_midwest
55025,26.558180742799173,9.984155537044632,381989,230800,60519,0.045325912526276935,0.04183890112018932,0.04774221247208689,0.8495087554877234,3.8,5,7.4,WI,upper_midwest
27053,26.42067099762986,9.048092502875118,891080,247900,61328,0.05781972437940477,0.09919872514252367,0.054383444808546934,0.7634387484849845,5.6,6.8,13.7,MN,upper_midwest
51087,27.513951103819466,9.869339968995256,232563,230000,60114,0.06257659214922408,0.2791415659412718,0.042801305452716036,0.5977649067134497,5.6,5.9,17.3,VA,southeast
28033,28.25779320965152,10.24111030401287,115627,152300,59418,0.012626808617364456,0.198232246793569,0.04243818485301876,0.7366186098402622,7,6.7,19.2,MS,south
37145,30.92810973566695,10.175652,30350,115900,44668,0.003196046128500824,0.26253706754530476,0.03189456342668863,0.6891268533772652,11.5,5.6,19.7,NC,southeast
21079,27.411181155290592,10.703477999999999,12998,109200,37095,0.002000307739652254,0.02108016617941222,0.018387444222188028,0.9522234189875366,13,8.3,36.4,KY,ohio_valley
37007,30.541103499611623,10.064946633007619,20982,78400,34745,0.00896006100467067,0.469783624058717,0.026594223620245924,0.48136497950624346,14,10.8,25.9,NC,southeast
55061,27.64117505993982,9.912201999999999,15725,144400,54152,0.002289348171701113,0.0027344992050874406,0.015580286168521463,0.9701748807631161,4.3,4.1,17.4,WI,upper_midwest
51810,26.582835080581713,9.96081547227449,332745,277400,64618,0.06304527491021653,0.18095538625674315,0.05639453635666952,0.6737531743527325,4.6,4.8,11.6,VA,southeast
51710,27.67420379112018,10.095452402993203,192191,208400,42677,0.03481432533261183,0.3965898507214178,0.06188114948150538,0.4784459209848536,8.3,8.9,11.1,VA,southeast
54099,29.2766137842626,13.189565,32959,85500,35079,0.0016080584969204164,0.0015473770442064384,0.00388361297369459,0.9849813404532904,6.2,5.9,21.7,WV,ohio_valley
05149,27.476131794996256,11.283192999999999,16354,75300,36606,0.01180139415433533,0.013452366393542864,0.14840406016876606,0.8119114589702825,NA,NA,32.7,NA,NA
22099,30.002711056551412,8.724793,38389,84300,41302,0.007111412123264477,0.28445648493057907,0.01914610956263513,0.6768084607569876,4.9,7.6,18.9,LA,south
51067,28.33087605149891,10.296184043158615,44482,156100,45555,0.00422642866777573,0.08176340991861877,0.01940110606537476,0.8846499707746954,6.5,6.6,11.5,VA,southeast
13219,25.75793413651357,11.380583,23505,228700,74352,0.02986598596043395,0.05084024675600936,0.03633269517124016,0.874069346947458,5.2,4.3,20.5,GA,southeast
34005,27.352348494981126,9.902725229091141,344491,270200,76258,0.041635340255623515,0.15515935104255263,0.056677823223248214,0.7261466917858521,6.6,6.2,16.6,NJ,northeast
36061,25.984466232301532,10.33687818375182,1351438,825200,64971,0.11698945863591227,0.12367640986859922,0.2331879079913396,0.5060809300907626,7.3,7.8,12.8,NY,northeast
18083,29.52509398892823,12.302608999999999,30248,84700,39523,0.005454906109494843,0.02915895265802698,0.011075112404125892,0.9450211584236974,5,6.4,8.7,IN,ohio_valley
18035,29.100588972513968,12.75444380712842,94098,92400,38066,0.009978958107504942,0.06225424557376352,0.014070437203766287,0.8996790580033582,8.7,11.9,8.2,IN,ohio_valley
18103,27.55739859250273,12.502678999999999,28510,86100,39485,0.0031918625043844263,0.05370045598035777,0.01971238162048404,0.9044545773412838,8.6,11.4,30,IN,ohio_valley
18183,29.00088553039486,10.683145106195457,25109,123500,52129,0.0027878449958182324,0.002309928710820821,0.01146999083993787,0.9741925206101398,7.6,8.1,21.8,IN,ohio_valley
45039,30.705793698779537,11.134436693159625,18525,91500,32022,0.002375168690958165,0.561727395411606,0.013819163292847504,0.4138191632928475,5.1,10.3,27.5,SC,southeast
06019,29.113943879175075,14.23749667440227,652943,257000,46430,0.09261298459436734,0.048195631165354406,0.45303035640170736,0.38142839420898916,NA,NA,23.3,NA,NA
54107,28.772475822253536,13.307692,67965,102500,42146,0.005311557419259913,0.009872728610314132,0.006959464430221438,0.9662767600971088,6,8,17.5,WV,ohio_valley
48493,30.395896126046956,8.932727,31584,124100,60493,0.003799392097264438,0.01611575481256332,0.3513804457953394,0.6179394630192503,5,4.3,21.5,TX,south
13245,27.94308097687997,12.377793429074423,151244,99300,37882,0.01900901853957843,0.5053026896934755,0.037224617174896196,0.41807939488508633,9.9,11,21.1,GA,southeast
24029,28.061308477401067,10.231304590057722,16649,281100,50141,0.00822872244579254,0.1438524836326506,0.03868100186197369,0.799267223256652,2.7,5.5,7.8,MD,northeast
45041,28.95752597663522,10.853636,103185,108400,40487,0.011261326743228182,0.39342927751126616,0.01831661578717837,0.5672723748606872,8.8,9.6,20.3,SC,southeast
54109,28.681508697817687,10.329167,18682,59300,36343,9.099668129750562e-4,0.004870998822395889,0.003961032009420833,0.9808371694679371,3.1,5.8,13.3,WV,ohio_valley
18177,26.390864125317073,11.969166999999999,53034,99700,41123,0.007165214767884753,0.04827092054153939,0.019289512388279216,0.9089263491345175,8.5,11.7,27.2,IN,ohio_valley
18015,27.595525656927776,11.672222,15198,107400,48055,0.0011185682326621924,0.0017107514146598236,0.02770101329122253,0.9630214501908145,6.4,4.7,30.7,IN,ohio_valley
24017,28.391224642507886,10.554670646661753,107667,355800,88825,0.029962755533264603,0.3819926254098285,0.0370494208996257,0.5223606118866505,3.6,6.3,10.1,MD,northeast
13145,25.39726084532716,12.616110190910844,24406,196000,67018,0.009505859214947144,0.17098254527575185,0.023231992133082028,0.7840694911087438,6.8,5.3,22.7,GA,southeast
39081,28.81557811922081,13.123244336915578,55655,84800,37527,0.0039708921031353876,0.05022010601024167,0.009576857425208876,0.9255053454316773,6.7,8.7,9.8,OH,ohio_valley
12127,27.753473017668913,7.55287242594275,401320,186300,44400,0.014711452207714542,0.09143825376258348,0.09393252267517194,0.7861133260241204,6.5,8.1,15.4,FL,southeast
51199,26.088277610655147,9.394298599080765,48188,324800,81055,0.04824852660413381,0.13216983481364655,0.0350709720262306,0.7611231011870175,2.9,2.9,9.7,VA,southeast
28031,27.411635902296666,12.139471264417388,14481,81600,32456,0.0018645121193287756,0.3193840204405773,0.016366273047441475,0.6563773220081486,3.8,8.1,20.8,MS,south
22079,27.260984703969147,9.205881999999999,97599,110500,40658,0.011967335730898882,0.29609934528017706,0.023217450998473346,0.649535343599832,6.2,5.8,23.4,LA,south
51013,24.79187231274132,10.597524865579047,175001,571700,94880,0.09668516179907544,0.08048525436997503,0.13771349878000697,0.6612362215073057,2.8,3.4,12.1,VA,southeast
17195,26.80385382528734,12.25130891235321,44758,98100,45266,0.004647213905893919,0.010612627910094284,0.0868448098663926,0.8896286697350194,5.3,7.3,17.6,IL,ohio_valley
26143,32.05958597673768,5.945945999999999,20523,107400,33542,0.0022901135311601617,0.0025337426302197534,0.00906300248501681,0.971982653608147,13.2,19.8,29.5,MI,upper_midwest
28023,28.354243632316358,11.177311,12604,59900,29103,0.0016661377340526817,0.3175182481751825,0.006267851475721993,0.6691526499523961,9.2,10.4,22.7,MS,south
21145,27.907117104452663,11.436283,50859,107500,41630,0.0072750152382075935,0.09866493639277217,0.01663422403114493,0.8652549204663874,7.7,6,19.6,KY,ohio_valley
22009,27.00932472362518,9.205881999999999,31790,82100,31412,0.0033658383139352,0.2825416797735137,0.012802768166089966,0.6805913809374017,9.2,8.3,41.7,LA,south
21089,28.86100778833197,11.49232205246247,28585,88400,42377,0.004512856393213224,0.006751792898373273,0.0058772083260451285,0.9732377120867588,7.2,8.6,18,KY,ohio_valley
54009,28.67550506134463,13.13158678120086,19492,85300,39475,0.004001641699158629,0.011286681715575621,0.006053765647445105,0.9706033244407962,7.1,8.9,15.3,WV,ohio_valley
21043,29.585134299359385,9.948921928622996,21216,74500,32424,0.0015554298642533936,0.005231900452488687,0.008908371040723981,0.9758201357466063,4.6,10.1,20.6,KY,ohio_valley
20103,27.448777669184924,9.714985780469668,57080,166700,61107,0.013612473721093202,0.09742466713384723,0.04919411352487737,0.8154519971969166,4.3,6,16.4,KS,south
53033,26.44152805966107,6.2367080018418015,1517747,407700,68065,0.14553413711244365,0.05583934608337226,0.07450451228037347,0.6809540720554875,5.6,5.8,13.6,WA,northwest
51023,28.16069733171441,10.289740298375651,25714,202500,64724,0.005094501050011667,0.030255891732130356,0.008711207902310026,0.9474216380182002,3.7,3.5,15.7,VA,southeast
45067,28.238420743220317,10.853636,24991,82500,30629,0.005161858268976831,0.5321115601616582,0.01956704413588892,0.4331959505421952,11.9,12.5,28.7,SC,southeast
21065,29.6299472701273,10.703477999999999,11333,70300,28324,0.001058854672196241,0.001411806229594988,0.005558987029030266,0.9849113209212036,10.4,12.1,34.8,KY,ohio_valley
21179,27.994632647787668,12.672174156796174,32152,116800,44783,0.00460313510823588,0.048239611843742224,0.014369246081114706,0.9239549639213734,5.7,6.9,15.4,KY,ohio_valley
09003,27.572202546058104,8.068286771631781,689971,247400,62590,0.039956751805510664,0.11730203153465871,0.13008082948413774,0.6977641089263172,NA,NA,15.8,NA,NA
37089,27.494666414174,10.14958,84781,184200,46446,0.008940682464231372,0.02736462179025961,0.07508757858482443,0.8753494297071278,5.5,7.2,32.6,NC,southeast
39029,28.15878565668544,12.398347,84257,97400,39502,0.0029671125247753894,0.023167214593446242,0.011583607296723121,0.9532620435097381,7.7,10.3,19.7,OH,ohio_valley
08123,27.35982534832866,7.27541,182424,195700,55596,0.012037889751348507,0.00844187168355041,0.24043985440512214,0.7202286979783362,NA,NA,16.9,NA,NA
51840,31.92852100637262,11.020565247270117,20382,267000,44873,0.022617996271219704,0.10185457756844274,0.1244235109410264,0.7361887940339515,5.3,6.9,20.6,VA,southeast
21093,27.543616072758297,11.94255723459414,78127,131900,47540,0.021183457703482792,0.10737645116285023,0.04098455079549963,0.8055985766764371,7,5.7,12.6,KY,ohio_valley
05145,29.85952363308954,11.67094,58643,92700,39178,0.005695479426359497,0.0365431509302048,0.029108333475436114,0.9125556332384087,NA,NA,12.7,NA,NA
39133,27.7486036417391,11.23370916463678,127741,157100,50447,0.015069554802295269,0.03840583681042108,0.011022302941107396,0.9231256996579016,7.3,8.7,7.9,OH,ohio_valley
40135,28.769253082582527,11.474544999999999,31465,80100,36357,0.00441760686477038,0.01636739234069601,0.023613538852693468,0.6970920069918958,7.8,8.2,18.8,OK,south
40109,27.901438348788997,8.957851592921735,537515,117500,42916,0.0304065933043729,0.14290205854720334,0.12095290363989843,0.6429383366045599,5.8,5.7,20,OK,south
19085,28.061422492727672,9.68,11333,111400,51303,0.0022941851230918555,8.823788934968676e-4,0.007676696373422748,0.9822641842407129,3.8,3.9,20.7,IA,upper_midwest
01019,27.921489098876616,12.124386329049837,20423,97100,40690,0.0015668608921314204,0.044508642217108166,0.008372912892327278,0.9305684767174265,NA,NA,39.2,NA,NA
17019,26.746395452797387,10.578571,162002,145200,45262,0.09596177824965124,0.10434439080999,0.046882137257564724,0.7331823063912791,5.7,4.8,4.5,IL,ohio_valley
51740,28.77940288824325,10.169303272615615,72869,180400,45488,0.011568705485185744,0.5033004432611947,0.02684269030726372,0.4371817919828734,6,6,18.5,VA,southeast
34027,26.70720998650794,8.345076620800258,374581,474700,96747,0.08740699608362411,0.028976376271086894,0.1085719777564799,0.7638561486033728,4.8,5.4,12.3,NJ,northeast
01055,28.928536307580742,11.761898347105081,80444,98200,36422,0.00605390085028094,0.14238476455671026,0.024998756899209388,0.8132489682263437,NA,NA,28.1,NA,NA
26115,28.94346262893406,9.891185244752737,115344,161800,55366,0.005271188791788043,0.018527188236926066,0.02428388125953669,0.9397888056595922,8.3,10.1,13.8,MI,upper_midwest
22033,27.88026618740357,10.508259852415968,336506,156100,46179,0.028623560946907337,0.4136954467379482,0.03615685901588679,0.5096788764539116,6,6.9,14.3,LA,south
18097,27.966879434933062,13.870356969385046,676888,122200,43541,0.020526290907801586,0.2455118128848495,0.07643066504355225,0.6407441112857666,8.8,9.5,23.9,IN,ohio_valley
38017,27.052820364733538,8.448333,117118,147900,47600,0.024436892706501137,0.01724756228760737,0.015505729264502468,0.920755135845899,3.1,3.6,4.1,ND,rockies
39145,29.953757794558197,11.811207,61409,85000,32812,0.003142861795502288,0.028692862609715188,0.00861437248611767,0.9427282645866241,6.9,16.1,25.2,OH,ohio_valley
17143,26.602106470987696,11.509091,141601,119000,49747,0.030939047040628245,0.15041560440957338,0.03115090995120091,0.7727629042167782,7.1,7.2,15.1,IL,ohio_valley
10003,27.270712913168005,10.11598508295638,413400,252800,62474,0.04274794388001935,0.2176608611514272,0.07224963715529753,0.652114175133043,5.8,6.4,16.1,DE,northeast
13021,28.06721831894249,13.327853865785594,115428,118100,38798,0.01641716048099248,0.4826471913227293,0.02468205288144991,0.4646966074089476,7.7,9.8,26.5,GA,southeast
29013,27.90048969102123,9.159649,12795,102000,38882,0.0014849550605705354,0.009378663540445486,0.011410707307542008,0.962797967956233,3.4,9.4,29.6,MO,ohio_valley
37099,27.249043659789212,10.299218028609442,33148,163200,37190,0.008115120067575721,0.02069506455894775,0.04015325208157355,0.8417400748159768,4.1,6.6,8.7,NC,southeast
42101,28.980929422742445,10.715769411298922,1182169,135200,36251,0.06477077304513991,0.3990749207600605,0.10492493036105667,0.4112990613017259,10.6,12.1,15.3,PA,northeast
36079,28.132363908193273,8.603188929480684,76060,418100,89218,0.017643965290560084,0.02019458322377071,0.10757296870891402,0.8442413883775967,5.3,4.6,13.4,NY,northeast
27123,27.136962821431478,9.438305154672053,390147,222700,51915,0.09498983716394077,0.09162956526642523,0.05753472409117589,0.7319010526801436,6.1,7.9,13.4,MN,upper_midwest
13029,24.94327510392095,10.547879006820272,21376,187400,63244,0.015437874251497006,0.1327189371257485,0.03634917664670659,0.7994947604790419,5.2,5.4,22.2,GA,southeast
51590,28.12520660788552,10.115789,33793,89100,29936,0.008670434705412363,0.4466013671470423,0.02272660018346995,0.5131240197674074,12.9,11.5,20.3,VA,southeast
51011,28.23024300878042,9.804274,11648,132200,49224,0.002232142857142857,0.19144917582417584,0.00935782967032967,0.7866586538461539,6.8,6,5.5,VA,southeast
37015,30.09321466907737,9.040833,16846,77400,29110,0.004392734180220824,0.6059598717796509,0.009972693814555384,0.36875222604772645,17.1,6.3,24.1,NC,southeast
22053,26.911410503779678,9.597560999999999,23196,83700,42907,0.002026211415761338,0.16330401793412658,0.01573547163304018,0.8052681496809795,7.8,6.2,26.4,LA,south
13133,30.219177072369188,11.380583,12697,124300,38513,0.003701661809876349,0.3422068205087816,0.04512877057572655,0.5992754193904072,9.7,12.1,36.4,GA,southeast
31025,28.811447538247702,10.879921249185653,18848,142800,62039,0.0030241935483870967,0.002918081494057725,0.01761460101867572,0.9666808149405772,4.3,4,13.2,NE,rockies
06047,27.358388944009903,12.497619,175095,241000,43844,0.07224649475998743,0.037019903480967474,0.4934692595448185,0.37248350895228305,NA,NA,19.2,NA,NA
21157,27.89752083654316,11.436283,24908,96900,43326,0.0024891601092018626,0.0017263529789625822,0.009233981050264975,0.9787216958406938,4.6,6.2,19.5,KY,ohio_valley
37197,29.08362552141266,10.807609419201103,29468,109000,39807,0.0019343016153115244,0.029523550970544318,0.0715691597665264,0.8900162888557079,7.4,5,23.1,NC,southeast
45091,28.072113768165547,11.361812074839072,168329,158900,51925,0.014352844726695934,0.1816145762168135,0.03738512080509003,0.7497044478372711,7.1,9.2,20.2,SC,southeast
09009,27.285349257903757,8.929961766109834,669503,273300,61114,0.03378028179111968,0.10964700680952887,0.12564992240512737,0.7149437717232037,NA,NA,13.5,NA,NA
39009,26.868715530349174,9.241818,54508,114100,31559,0.029059954502091437,0.028032582373229618,0.014254788287957731,0.9095912526601599,7.7,13.4,3.2,OH,ohio_valley
36029,27.727649227026127,9.930483107920548,720096,117700,47372,0.025352175265520152,0.11925076656445807,0.036128516197840285,0.8041011198506866,6,7.8,11.6,NY,northeast
19153,27.25051624546324,10.114546545879104,320715,149700,56094,0.03402397767488268,0.05146937311943626,0.05941100353896762,0.8418034703708901,4.6,4.9,13.3,IA,upper_midwest
22037,29.517403748201755,10.052854540615233,16075,101500,35335,0.0026749611197511665,0.43527216174183514,0.009642301710730949,0.5405909797822706,10.4,15,20.2,LA,south
19171,26.228504271387756,8.063094999999999,13227,96500,46288,0.0024192938686021016,0.0018144704014515763,0.05027595070688743,0.8769184244348681,4.8,5.8,21,IA,upper_midwest
06115,28.048511391738373,5.3096831382605245,51165,224200,46807,0.06174142480211082,0.029825075735365972,0.20697742597478747,0.6439753737906773,NA,NA,17.7,NA,NA
39097,27.062072157808053,12.978656952354317,33628,146800,50533,0.005114785297965981,0.07743547044129892,0.01079457594861425,0.896663494706792,6,3.9,28.1,OH,ohio_valley
13177,26.98356839117985,12.176703,20363,145300,59811,0.020625644551392232,0.18214408485979472,0.017089819771153564,0.7696311938319501,4.9,5.4,27.8,GA,southeast
21083,27.380889722609286,11.436283,28069,83900,35277,0.003099504791763155,0.04175424845915423,0.04342869357654352,0.9021340268623749,8.3,9.9,26,KY,ohio_valley
40145,29.19438066529844,10.729167,53617,133800,55487,0.011694052259544547,0.034690489956543634,0.03627580804595557,0.7777384038644459,5.6,4.4,14.9,OK,south
37135,26.37286571345299,10.222167541293722,105832,258800,52981,0.06375198427696727,0.11643926222692569,0.0681551893567163,0.7335588479854864,5.3,6.3,7,NC,southeast
18013,27.215552456273215,11.224770999999999,12070,158500,50139,0.0024026512013256007,0.002568351284175642,0.00944490472245236,0.9748135874067937,5.1,10.7,26.7,IN,ohio_valley
36005,27.845407868515636,10.126419180114333,1016912,386200,34264,0.03591756218827195,0.304558309863587,0.5117424123227968,0.12803959437984802,11.1,11,29.9,NY,northeast
48201,27.828325017802346,11.967785218169686,2944624,131700,51444,0.06620743429381816,0.18376132232841952,0.36764286374083754,0.36868204565336693,7.3,6.2,24.7,TX,south
08005,26.432214484167044,7.0025674691947914,424679,232300,58719,0.05061469957308932,0.0925287099197276,0.15320041725632771,0.6783005517108216,NA,NA,19.1,NA,NA
45053,28.25529583101273,10.547928996211203,18636,118700,37393,0.006814767117407169,0.4518136939257351,0.12953423481433785,0.40357372826786864,9.1,9,33.4,SC,southeast
51107,26.924131521544364,10.248718,216877,495000,115574,0.14539116642152003,0.0727140268447092,0.11742600644605007,0.6413635378578642,4,3.1,11.4,VA,southeast
37077,28.576420851678545,10.175652,46583,125200,48210,0.0054740999935598824,0.3316875254921323,0.061739261103836166,0.5881115428375159,7.8,6.5,40.1,NC,southeast
45003,28.198707734451105,11.447307741552596,123271,119000,44468,0.008566491713379466,0.22953492711181056,0.04057726472568569,0.7064110780313293,6.5,8.4,25.7,SC,southeast
01101,28.95352414021446,10.765714,173196,121000,43725,0.019775283493845122,0.5195905217210559,0.03170396544954849,0.41831220120557056,NA,NA,20.9,NA,NA
27019,27.31185813710021,9.081249999999999,63837,287100,80280,0.026598994313642557,0.009900214609082508,0.03115747920484985,0.9231950122969438,3.9,4.4,15.2,MN,upper_midwest
04025,26.755660487043777,3.8666669999999996,170764,231000,43290,0.008403410554917898,0.00492492562835258,0.10532079360989435,0.8548757349324213,NA,NA,26.9,NA,NA
28081,28.379118532911985,11.962392999999999,60804,107100,39049,0.006035787119268469,0.2475001644628643,0.01990000657851457,0.7185382540622327,4.2,6.1,22.2,MS,south
54077,27.287646894835838,11.316949,26968,87700,40753,0.0014090774250964107,0.012718777810738654,0.006859982201127262,0.9705206170275883,3.5,7.4,19,WV,ohio_valley
55131,27.755126455927186,9.495000000000001,99510,228000,64434,0.0092051050145714,0.006722942417847453,0.018480554718118783,0.9580042206813386,4.3,5.2,14.1,WI,upper_midwest
18143,27.34668013641028,12.469230999999999,18369,96600,39588,0.004355163590832381,0.001578746801676738,0.012412216233872285,0.9753388861669117,8.1,9.4,24.1,IN,ohio_valley
26161,26.791373476560228,9.163393059994602,272838,216200,59065,0.08083917929320696,0.11565104567545577,0.03514906281383092,0.7439213012850117,6.3,7.5,5.5,MI,upper_midwest
27037,26.69885769437191,9.478182324240398,293492,243700,72850,0.04171493601188448,0.03859048968966786,0.04776280103035176,0.8557643819933763,4.3,5.8,13.7,MN,upper_midwest
17033,41.48640285148428,12.302608999999999,15764,70400,41434,0.004947982745496067,0.05525247399137275,0.01795229637147932,0.914488708449632,12.5,13.7,27.7,IL,ohio_valley
39155,30.21069083966106,11.971665588896505,163680,102500,42296,0.004838709677419355,0.07572702834799609,0.010227272727272727,0.8987781036168133,6.5,9.9,21.9,OH,ohio_valley
18159,27.773702733531472,12.502678999999999,12233,113500,51485,0.003515082154827107,0.001144445352734407,0.01553175835853838,0.9740047412736041,5.9,7.1,23.9,IN,ohio_valley
26005,28.837137254323697,8.783731274648929,82184,149400,50240,0.005159155066679646,0.010342645770466272,0.05063029300107077,0.920142606833447,5.4,8.6,17.8,MI,upper_midwest
18057,26.396704338492935,12.97945046983688,191631,211200,81947,0.04587462362561381,0.03236428344057068,0.02883145211369768,0.8821693776059197,4.1,3.5,19,IN,ohio_valley
37079,24.07737557629246,9.795775576506841,16410,85100,41488,0.0030469226081657527,0.36812918951858625,0.1113345521023766,0.505789152955515,10.6,12.2,28.1,NC,southeast
32003,27.105450493302712,6.898647819588994,1462651,257300,56258,0.09134441503817384,0.09729046778759937,0.24811250257238399,0.528104106858027,7.9,8.6,23.9,NV,west
42005,31.722723881809817,12.974775,54752,89100,42752,0.0018994739918176504,0.007287405026300409,0.004109438924605494,0.9819002045587376,5.7,8,18.7,PA,northeast
51830,25.061980727274296,9.402248879512236,12664,344800,50794,0.06001263423878711,0.12389450410612761,0.060644346178142766,0.7289955780164246,5.5,2.9,1.8,VA,southeast
09013,26.965672977979143,8.408427734081814,121807,266100,77175,0.03346277307543902,0.03219847791998818,0.037904225537120195,0.8831676340440204,NA,NA,6.5,NA,NA
19149,28.457670620581904,10.66,18502,119400,56379,0.003837422981299319,0.0022159766511728463,0.021078802291644147,0.9663820127553778,3.2,1.9,21.3,IA,upper_midwest
39057,27.517548914372053,12.835353176340826,126440,160000,56679,0.02914425814615628,0.07211325529895603,0.018237899398924392,0.8621006010756089,5.6,5.9,7.6,OH,ohio_valley
37035,27.702765099400544,11.233132999999999,117563,130300,43484,0.028121092520605972,0.08113947415428324,0.0663644173762153,0.8143803747777787,7.3,8.5,19.2,NC,southeast
12075,28.047119522316333,7.626957,32172,112100,35737,0.005967922417008579,0.0840793236354594,0.06412408305358697,0.8306912843466369,10.8,9,26.6,FL,southeast
39129,28.25011507178567,12.733051,42541,144800,49262,0.003220422651089537,0.04050210385275382,0.008344890811217413,0.9388119696292988,4.7,8.9,23.8,OH,ohio_valley
39167,28.67121402858651,12.666252501665646,48837,110800,41654,0.006081454634805578,0.011118619079796057,0.005610500235477199,0.9637979400864098,7,8.5,14.5,OH,ohio_valley
21037,27.819631987770816,12.6071301104689,69736,146300,51482,0.00778650912011013,0.023445566135138235,0.014167718251692095,0.9449065045313755,6.6,6.4,10.5,KY,ohio_valley
40097,29.674334577262247,10.913274,30745,89200,41228,0.003317612619938201,0.0038054968287526427,0.02003577817531306,0.7198894129126687,6.5,7.6,30.4,OK,south
31055,27.362426044241804,10.593844158338387,382391,141400,51878,0.025732823209751274,0.10439576245256818,0.0894764782643943,0.7621858255032153,5.2,5.8,16.1,NE,rockies
08119,26.056855980475454,6.1873949999999995,18570,226000,58080,0.0064081852450188475,0.004631125471190092,0.044803446418955305,0.9215401184706515,NA,NA,16.6,NA,NA
37127,29.482741549089933,9.700854999999999,72905,116300,44499,0.007187435703998354,0.35860366230025376,0.04947534462656882,0.569933475070297,7.9,7.4,22.3,NC,southeast
24003,27.879505730689367,10.452095558629019,412595,370100,83456,0.03429755571444152,0.1453701571759231,0.05312473490953599,0.7478083835237945,4.8,4.8,14.4,MD,northeast
39015,28.901706335684498,11.978947,33808,124100,45887,0.0022775674396592525,0.008577851396119262,0.004377662091812589,0.9758045433033602,7.7,9.9,18.8,OH,ohio_valley
24021,27.151521892033355,10.489654999999999,174341,349500,81686,0.036417136531280654,0.07901755754527047,0.06319224967162056,0.8053527282739,4,4.3,13.2,MD,northeast
13211,28.138951884667428,11.380583,13429,169400,45817,0.004914736763720307,0.23009903939235982,0.0226375753965299,0.7331149005882791,5.6,10.5,18.8,GA,southeast
13067,27.53128623951468,12.380059994254191,511591,211000,65522,0.044510165346927526,0.23145833292610699,0.10375475721816842,0.6008256595600783,7,6.3,18.2,GA,southeast
18091,27.80745538107814,10.738983,86085,119800,46014,0.005227391531625719,0.10198060056920485,0.043143404774350934,0.8381251089039903,8.3,9.6,30.4,IN,ohio_valley
18065,26.43279609178971,12.19161069002952,38418,95200,41087,0.003019417981154667,0.024727992087042534,0.011348846894684784,0.9522359310739757,8.7,10.4,27.7,IN,ohio_valley
55027,29.93682246575319,9.495000000000001,69180,155900,52571,0.004495518936108702,0.03172882335935241,0.029690662041052328,0.9245591211332755,5.9,6,17.7,WI,upper_midwest
18129,26.788955918498807,13.103650286957672,19772,120500,57530,0.00247825207363949,0.007940521950232652,0.007131296783329961,0.9753186324094679,4.6,6.9,16,IN,ohio_valley
20121,28.711627950099192,7.564705999999999,23944,165500,60539,0.0030905446040761777,0.011944537253591713,0.018585031740728366,0.9499665887069829,5.4,5.8,16.1,KS,south
26113,27.617102952497717,5.945945999999999,11253,112300,40376,0.0024882253621256556,0.001777303830089754,0.015640273704789834,0.9685417222074113,9.5,12.6,12.1,MI,upper_midwest
39021,29.149146416356377,12.96170106360196,30057,124900,49246,0.004025684532721163,0.022124629869913832,0.008849851947965531,0.9501946302026151,7.4,8.5,18.5,OH,ohio_valley
21013,28.219144909668987,12.831667,22462,64500,24724,0.0026266583563351437,0.022215296945953165,0.00560947377793607,0.9564152791380999,6.6,10.5,34.9,KY,ohio_valley
18141,27.770945520092486,11.40632505385445,201080,116300,44644,0.018997413964591207,0.11120449572309528,0.055818579669783173,0.7969763278297195,7.9,9.4,14.4,IN,ohio_valley
18033,28.013288881593887,11.843442999999999,31087,112300,46722,0.0034419532280374433,0.002959436420368643,0.017820954096567698,0.9686042397143501,8.8,9.5,22.8,IN,ohio_valley
12117,27.742192026638367,7.558695128989693,325537,241000,58971,0.036075776332644215,0.09845885413946802,0.1571280683916114,0.6905390170702562,6,7.3,14.7,FL,southeast
13295,31.791874987724825,10.588734919918958,52500,108100,38723,0.004285714285714286,0.040228571428571426,0.012819047619047619,0.9308952380952381,9.2,10.7,33.8,GA,southeast
13321,25.521605901312935,12.176703,16336,85400,38670,0.0033667972575905977,0.25703966699314396,0.013283545543584721,0.7161483839373164,12,14.6,28.6,GA,southeast
06089,27.016804935543757,4.894535984458135,137571,267600,43944,0.023355212944588612,0.007181746152895596,0.06652564857419078,0.8534574874065028,NA,NA,12.9,NA,NA
46027,31.009289407036725,9.296522,11440,116900,37198,0.017045454545454544,0.01284965034965035,0.015646853146853146,0.918444055944056,4,5.2,0.3,SD,rockies
37147,29.11738650224328,9.218803,130350,125900,38592,0.015619485999232834,0.3158342922899885,0.04417337936325278,0.6097736862293824,8.5,7.4,10.5,NC,southeast
41033,27.275154142276964,6.405263,65830,253600,38035,0.00814218441440073,0.002779887589245025,0.04778976150691174,0.9076408932097828,9.4,11.2,21.3,OR,northwest
51043,31.175967652571483,11.146477223734859,10813,366900,73244,0.008693239618977158,0.0563210949782669,0.027374456672523813,0.8942939054841395,3.4,4.3,6.6,VA,southeast
04023,27.58340944238185,10.218644,32860,148200,36519,0.005903834449178333,0.002282410225197809,0.7816189896530736,0.20410833840535605,NA,NA,37.3,NA,NA
13163,28.657546142378578,11.212745,12659,74500,29268,0.003554783158227348,0.5248439845169445,0.026858361639939963,0.43842325618137296,10,14.4,21.1,GA,southeast
48375,27.86234039957368,5.94375,87420,80600,36766,0.037245481583161745,0.09698009608785176,0.3030885380919698,0.5464310226492793,5.9,5.4,26.5,TX,south
12041,27.416111727790256,7.851932898009768,13308,112700,37039,0.003681995792004809,0.05335136759843703,0.04328223624887286,0.8868349864743011,14.2,12.1,30.2,FL,southeast
18019,28.99467202375852,12.880424034574482,84123,125800,47368,0.00800019019768672,0.06451267786455547,0.038847877512689755,0.8754561772642441,5.3,8.4,20.6,IN,ohio_valley
39151,27.6412546617748,13.923342835932884,289600,128000,44941,0.006950966850828729,0.06800414364640885,0.012672651933701658,0.8987638121546961,7.1,8.6,15.5,OH,ohio_valley
19061,28.189295990309088,10.26,71401,136800,48573,0.009229562611167912,0.020195795577092758,0.015433957507597932,0.9453509054495035,2.8,5.4,9.3,IA,upper_midwest
55079,27.188604661718216,11.522094599025529,711358,165700,43215,0.0312008861923251,0.2324230556203768,0.10840673753581179,0.6087806702110611,7.3,9.8,17.1,WI,upper_midwest
45035,28.61397441427466,9.396154,99529,171400,55034,0.015533161189201138,0.2440595203408052,0.037576987611650875,0.6817610947563022,7.9,6,16.1,SC,southeast
13233,28.813008605422134,11.533982676051725,30429,108300,38646,0.006079726576620987,0.11952413815767853,0.09139307897071872,0.7734398107068915,8.3,11.3,29.5,GA,southeast
17083,29.29921743947081,11.188700370998893,17746,118200,53470,0.0026484841654457344,0.0036064465231601486,0.006931139411698411,0.9760509410571396,4.2,5.7,15.2,IL,ohio_valley
54065,27.129912437749656,11.714132553224129,13941,167100,37281,0.003012696363245104,0.005379814934366258,0.008392511297611363,0.970805537622839,11.8,10.6,27.2,WV,ohio_valley
42045,26.839342788535806,10.24660861910305,428567,232300,61876,0.04530680150361554,0.17555714742385672,0.025419596002492027,0.7409389897028936,6.3,7.1,12,PA,northeast
12001,26.632713720239984,7.844702804483067,203051,189600,40644,0.0552324292911633,0.17729043442287898,0.08245711668497077,0.6646113537978143,6.1,5.6,5.6,FL,southeast
39049,27.91919842168328,12.913542133683531,884872,155300,49087,0.03923844352629533,0.19072702040521114,0.03964302181558463,0.710457557703261,6.8,7.6,14.1,OH,ohio_valley
17063,30.10603283906249,10.396459866898898,36406,193300,64297,0.00604295995165632,0.009696203922430369,0.0649892874800857,0.9116354447069165,6.1,9,18.9,IL,ohio_valley
37115,30.628801357670394,10.14958,16672,154600,38580,0.0029990403071017274,0.013015834932821498,0.016254798464491363,0.9552543186180422,5.6,7.2,13.2,NC,southeast
55071,26.705382440540014,9.25625,63232,124000,49354,0.018851214574898786,0.0036373987854251013,0.021602985829959512,0.9457236842105263,5.9,6.7,18.2,WI,upper_midwest
05107,28.345130927487403,11.450833,15644,60200,27361,0.0031961135259524417,0.5849526975198159,0.010547174635643058,0.3935694195857837,NA,NA,37.2,NA,NA
37113,26.787862525595692,10.083222354649534,27388,167800,38615,0.00525777712866949,0.011720461515992405,0.05082517891047174,0.9214254417993282,6,7.4,20.9,NC,southeast
13187,25.050027911872753,11.390089999999999,23725,170400,43394,0.004425711275026343,0.011085353003161222,0.03629083245521602,0.9283877766069547,6.3,9.1,13.4,GA,southeast
51770,30.442997318802274,10.212294007782848,75906,128700,36422,0.016757568571654415,0.25950517745632756,0.04678154559586858,0.660777804126156,5.3,6.8,22.4,VA,southeast
08067,27.275890803238557,4.208240216467514,40822,343400,56422,0.0053647542991524175,0.0035275096761550146,0.1008034883151242,0.8252167948655137,NA,NA,10.1,NA,NA
24045,28.092498006288114,9.895455,76638,195100,50752,0.023878493697643468,0.22015188287794565,0.03889715284845638,0.7008011691328062,7.2,7,12.4,MD,northeast
13143,29.679675773050292,11.262500000000001,21547,109000,38996,0.005012298695874135,0.047570427437694345,0.008678702371559845,0.9275073096022648,12.6,14,30.3,GA,southeast
28047,28.247736360464245,9.540629415761881,141252,142700,45668,0.02929516042250729,0.19999716818168947,0.049698411349927786,0.7013281227876419,8.1,6.5,23.3,MS,south
37083,31.067119939590473,9.700854999999999,42073,85800,30439,0.006274808071684929,0.5168397784802605,0.017041808285598842,0.4166805314572291,9.8,12.8,30.7,NC,southeast
55117,26.591415024501337,9.249153,87925,151100,51127,0.033824282058572644,0.013693488768837078,0.040398066533977824,0.902439579186807,4.4,6,13.7,WI,upper_midwest
51800,27.6555945858529,10.235246,62448,252200,65104,0.016029336407891365,0.4092204714322316,0.023715731488598513,0.5356296438636946,4.7,6.9,22.3,VA,southeast
28035,28.36071597918586,12.006086999999999,57231,110400,34448,0.007321207038143663,0.333158602855096,0.0319407314217819,0.6166937498907934,8.9,7.4,12.8,MS,south
46083,27.81577401524357,9.38802245585902,31529,169700,67365,0.009832217958070348,0.006153065431824669,0.009071013987122966,0.9644454311903327,1.9,2.1,11.7,SD,rockies
34015,27.49852388089958,10.273063196107357,218027,236900,72664,0.02517119439335495,0.09225462901383774,0.039238259481623836,0.8313144702261647,6.3,7.9,9.5,NJ,northeast
13055,28.36307402337887,12.644067999999999,20157,80400,32419,0.003919234012997966,0.12293496055960708,0.030808155975591604,0.8324651485836186,8.9,9.2,28.3,GA,southeast
12103,27.535324015207376,7.839830651053593,753654,185700,45258,0.027675830022795608,0.08663922701929533,0.06777380601708476,0.8028034084606464,6.4,7.8,16.8,FL,southeast
05115,26.040917173650257,11.283192999999999,47513,99500,39841,0.010291920106076232,0.026350682970976366,0.05316439711236925,0.8888935659714183,NA,NA,13.8,NA,NA
28153,28.511885209380154,12.257983,15313,60500,31081,0.0016979037419186313,0.35675569777313393,0.011232286292692484,0.6241102331352446,8,8.7,20.7,MS,south
06023,27.680531080600293,5.903792255394043,107562,324700,40089,0.0193376843123036,0.010561350662873505,0.08093006823971291,0.8075993380561909,NA,NA,11.6,NA,NA
35028,24.92271025416477,4.0125,13602,297100,103643,0.05653580355830025,0.005440376415233054,0.12652551095427142,0.7923834730186737,3,0.9,12.2,NM,southwest
47171,28.75512674225336,9.742975,14622,111900,34387,0.0016413623307345096,0.001367801942278758,0.026877308165777596,0.9597182327998905,5.2,5.7,17.6,TN,ohio_valley
16001,26.934071101097278,5.2601274530622595,288659,214500,55835,0.023692315153866675,0.009121489369810052,0.05906276956547345,0.8846666828333778,5.1,6.5,14.1,ID,northwest
01001,27.291440054120873,10.765714,39958,133900,53255,0.008533960658691626,0.1686270584113319,0.020721757845738025,0.7873517193052705,NA,NA,23.3,NA,NA
05081,27.26276706732199,12.148276,10034,73100,33416,0.002491528802072952,0.17958939605341837,0.022623081522822403,0.7706796890572055,NA,NA,6.9,NA,NA
17115,27.4354826874218,12.031373,85484,90500,44337,0.009709419306536895,0.14376959431004632,0.014915071826306678,0.8186678208787609,6.4,8.1,20.8,IL,ohio_valley
17157,28.042343439978453,10.209090999999999,26845,86900,45020,0.003017321661389458,0.10795306388526728,0.026038368411249766,0.8563233376792699,5,6.6,29.1,IL,ohio_valley
21101,28.504169495602504,12.881756503252873,35380,101200,40438,0.004070096099491238,0.07442057659694742,0.014104013566986998,0.8986150367439231,6.9,6.9,19.7,KY,ohio_valley
37119,27.122161592718278,11.395783400596,686290,185100,55294,0.04573285345845051,0.2897142607352577,0.10582698276238908,0.54095936120299,8.1,8,18,NC,southeast
51600,28.88420537034019,10.24862749938326,17973,488900,97900,0.1507817281477772,0.044121738162799753,0.1443832415289601,0.6364546820230346,5,3.5,10.9,VA,southeast
42007,28.542939464459174,12.307635503587768,135661,112400,46190,0.003810969991375561,0.05573451470945961,0.008948776730231976,0.9225643331539647,5.4,6.1,12.4,PA,northeast
12017,27.140255044225125,7.626957,118842,141800,37933,0.01342959559751603,0.02325777082176335,0.039329529964154085,0.9120512949967183,9.4,12.8,25.8,FL,southeast
24025,28.118719655386077,10.153008263530253,184416,298800,77010,0.023159595696685752,0.11386213777546417,0.02948225750477182,0.818025550928336,4.3,5.3,9.8,MD,northeast
37017,29.68173191561996,10.592562,27073,77300,30471,0.0019946071731983895,0.3403021460495697,0.05636612122779153,0.5739666826727736,10.6,7.8,26.2,NC,southeast
42099,29.111414230576003,10.168286,35263,144800,52659,0.0030627002807475257,0.0045373337492555935,0.009301534185973967,0.9754133227462213,5.5,6.1,21.5,PA,northeast
45045,28.476414219810145,11.425647683872103,341908,148100,46830,0.018838400973361254,0.17021830433917895,0.07001006118605005,0.7290206722276168,8,7.1,19.6,SC,southeast
37021,27.438362103108123,10.14958,189478,188300,44190,0.009336176231541392,0.05850811175967659,0.04701337358426836,0.8689768733045525,4.7,8.5,15.4,NC,southeast
41059,27.776156725587903,6.9508469999999996,55689,137900,45861,0.009014347537215608,0.008583382714719244,0.19125859685036542,0.7450124800229848,9.7,7.6,25.7,OR,northwest
17031,27.604391778407468,12.279647181816836,3962395,265800,53942,0.06483250660269863,0.23303153774421784,0.2075113662317866,0.48114890110652775,8.7,9.5,17.8,IL,ohio_valley
40101,29.1523095759756,10.729167,53479,84100,37002,0.0054787860655584435,0.1095009255969633,0.039323846743581595,0.636941603246134,6.4,5.9,24.3,OK,south
54037,28.281571454549592,11.444333536532607,40794,255800,65603,0.011472275334608031,0.06564690885914595,0.038020297102515074,0.8689268029612198,3.6,6.5,13.1,WV,ohio_valley
12007,27.713181077819172,7.844395017185017,22885,120500,41126,0.00511251911732576,0.20576797028621369,0.035787633821280314,0.741140485033865,9.9,9.5,29.6,FL,southeast
17081,29.344981844372313,11.268333,30231,85800,41161,0.006284939300717806,0.07776785418940822,0.018292481227878667,0.8878965300519335,7.4,8.6,22.3,IL,ohio_valley
26105,28.973021161893318,6.60678,22465,121600,40039,0.0036501224126418872,0.004673937235699978,0.02764300022256844,0.9463610060093479,6.3,11.5,23.8,MI,upper_midwest
18059,27.47606660958543,13.094775224134963,51664,159200,61052,0.00774233508826262,0.01811706410653453,0.014032982347475999,0.9511652214307835,5,5.3,17.4,IN,ohio_valley
42029,26.48398719299378,10.215700886000448,374831,334300,84741,0.03545597882779172,0.05919200919881226,0.05597722707033303,0.839028788974231,4.8,4.4,12.9,PA,northeast
17007,28.089193787857496,9.887736,38481,174400,61210,0.012213819807177569,0.015748031496062992,0.16335334320833658,0.799381512954445,8.5,10.8,27.9,IL,ohio_valley
22057,28.057639540178805,8.799166999999999,72652,115500,47492,0.007253757639156527,0.12025821725485877,0.03445190772449485,0.8046578208445742,3.4,4.1,22.4,LA,south
28059,28.042799644356407,9.47193,104068,125500,47906,0.021274551254948686,0.19803397778375678,0.03986816312411116,0.7263712188184649,8.3,8.8,20.6,MS,south
49057,26.897663057515498,8.786546594446351,161925,168300,54086,0.013858267716535434,0.012246410375173692,0.14165817508105605,0.8109309865678554,6.5,6.5,16.7,UT,southwest
51121,29.142328173480248,10.408403,79277,187600,43229,0.05690174956166354,0.037350051086696014,0.025240612031232262,0.8620659207588581,4.6,4.7,2.2,VA,southeast
22089,29.21240813510366,9.442915208507557,38572,170200,60961,0.007622109302084413,0.25111479829928446,0.04651042206782122,0.6835528362542778,6.1,5.9,18.8,LA,south
05001,28.3645999045824,11.410255999999999,14594,78900,37230,0.0050705769494312734,0.22413320542688775,0.02446210771549952,0.7361929560093189,NA,NA,20.2,NA,NA
45079,27.826287688327486,10.879687141310125,296951,146300,47922,0.022744493199214684,0.4304279157167344,0.0442126815535223,0.4854875046724881,8,7.3,10.8,SC,southeast
13153,27.559369040704063,12.291401558109321,102409,132500,55098,0.02531027546407054,0.26688084055112343,0.05230985557909949,0.6371998554814519,8.9,6.9,19.5,GA,southeast
37001,27.816474642639644,11.013497335293891,115688,137100,44167,0.011600165963626305,0.18199813290920405,0.0837770555286633,0.7095636539658392,6.9,8.9,19.2,NC,southeast
34023,26.76021422103385,7.559716014207443,624401,356000,77615,0.20435905772091972,0.08549473815704972,0.16520633375026625,0.5270715453690817,6.8,6.4,10.8,NJ,northeast
51683,28.497281025511953,10.266635074805738,27074,325800,75173,0.05244884390928566,0.12886902563344907,0.2716997857723277,0.5263352293713526,8.8,3.1,22.9,VA,southeast
18027,28.009784106883345,12.924392280451457,22528,97200,44592,0.005326704545454545,0.005104758522727273,0.032049005681818184,0.9509943181818182,6,3.2,50,IN,ohio_valley
08035,26.133781878640683,5.438596106253769,198453,338700,99198,0.036991126362413265,0.011629957722987307,0.06458960056033418,0.8700851083127995,NA,NA,14.2,NA,NA
05091,26.3408557884173,12.148276,32913,86400,40307,0.004648619086683074,0.22553398353234283,0.020751678668003523,0.7328715097377936,NA,NA,21.3,NA,NA
12115,26.269035672533366,7.052586,319713,235100,49388,0.011622924310240748,0.03744295665174704,0.06519910044321,0.8759105823035035,8.2,9.1,20.1,FL,southeast
39095,28.54494450458384,11.249135117246933,335678,122400,42072,0.015720422547798783,0.17380942450801065,0.0471851000065539,0.7468466804497167,9.1,12.6,17.7,OH,ohio_valley
54049,27.92344509643455,12.840437418642484,45213,87500,38115,0.004932209762678876,0.03014619689027492,0.00818348705018468,0.945944750403645,4.4,5.3,12.4,WV,ohio_valley
36013,26.209797099895752,7.546609999999999,105459,79600,40639,0.004978237988222911,0.019827610730236395,0.047326449141372476,0.9151897893968272,7.4,7.7,16.4,NY,northeast
01097,28.517909756909543,9.7398090941279,309411,120700,40996,0.018047192892301826,0.32124261904069346,0.022407089599270874,0.6198389843929272,NA,NA,21.2,NA,NA
51510,25.586899952723332,10.668013543899926,115996,486800,80847,0.06175212938377186,0.20405013965998828,0.14541018655815718,0.5630366564364289,3.1,3.9,14,VA,southeast
22083,29.53942094953856,9.559504,15440,70000,37682,0.002849740932642487,0.33439119170984455,0.014378238341968911,0.6408678756476683,13.1,13.8,30.9,LA,south
22001,28.950654768959076,9.433870099724516,44910,86700,37261,0.00224894232910265,0.16742373636161212,0.015987530616789133,0.8054776219104877,5.9,5.4,34.3,LA,south
26121,28.877492648953847,8.259167,129401,112800,40670,0.00509269634701432,0.13299742660412206,0.036228468095300656,0.8049319557035881,13,15.7,21.5,MI,upper_midwest
39093,28.39479713738886,10.69240760995508,229278,147400,52066,0.009215886391193223,0.07659696961766937,0.06738108322647615,0.8324435837716658,6.5,9.8,19.1,OH,ohio_valley
34003,26.40533190880505,9.46276922970995,700711,482300,81708,0.14276641868045456,0.05144488954790206,0.1491427992424837,0.6428284984822559,5.4,5.5,10.3,NJ,northeast
31079,27.854070986299075,7.273451,42630,107700,46138,0.009969505043396668,0.013816561107201501,0.18590194698569082,0.7793572601454375,5.1,3.7,24.1,NE,rockies
28061,29.087143166872618,12.257983,12939,67100,30177,8.501429785918541e-4,0.49632892804698975,0.007187572455367493,0.49091892727413244,6.5,5.4,14.3,MS,south
13013,29.969336301334934,11.739483760482424,49778,138900,48958,0.03023424002571417,0.10860219374020652,0.07258226525774439,0.7755835911446823,9.6,9.5,26.4,GA,southeast
20091,26.87713128872633,8.468035151060667,400823,209900,73733,0.040379419344698284,0.04024220167006384,0.05987430861003485,0.8431402389583432,4.1,3.9,12.4,KS,south
17067,26.826189570436746,11.809565,14907,80200,42857,0.0022137250955926746,0.0018112296236667338,0.007312001073321258,0.9812839605554438,4.9,7.1,11.3,IL,ohio_valley
37105,27.920720316798203,8.898291,43006,127800,44120,0.008440682695437846,0.1917174347765428,0.14702599637259917,0.6396781844393805,9.6,6.4,35.8,NC,southeast
22103,27.733039088536593,8.991228,173604,201800,60866,0.012171378539664985,0.10342503628948642,0.04350706204926154,0.8236561369553697,4.9,5.7,22,LA,south
05059,27.392172344210856,11.012397,25237,77400,37150,0.0030114514403455244,0.10286484130443396,0.021516028054047627,0.8574315489162737,NA,NA,19.2,NA,NA
46103,27.40555717451459,6.579167,76111,149700,46849,0.010944541524878138,0.010143080500847447,0.029299312845712182,0.8539632904573583,4.4,5.7,18.9,SD,rockies
21005,29.878403658652438,11.379508,15975,131900,55506,0.004632237871674491,0.021032863849765257,0.009890453834115806,0.9563067292644758,6.8,7.1,8.4,KY,ohio_valley
19163,27.874153775143625,11.94470933970259,124658,134600,49964,0.018570809735436154,0.05989988608833769,0.04317412440437036,0.8638835854899004,4.7,5,13.8,IA,upper_midwest
17201,27.064485631862574,9.887736,221686,128100,47198,0.021900345533772993,0.10651101106971121,0.08496251454760337,0.7733280405618758,7.9,11.2,21.7,IL,ohio_valley
05007,26.85449499721279,11.139831,159491,155000,50434,0.02812070900552382,0.011072725106745835,0.1255619439341405,0.8033243255105303,NA,NA,18.3,NA,NA
51670,30.06549773857204,9.497929666592736,16918,130700,37789,0.009398274027662844,0.33224967490247076,0.05745359971627852,0.5804468613311267,13.1,13.5,28.3,VA,southeast
42133,27.625224703866866,11.330286,332958,175500,57494,0.011578036869515074,0.045903687552183756,0.04428486475771719,0.8872740706034995,5.5,5.6,16.2,PA,northeast
47155,27.148121855831096,9.975833,69997,155500,41476,0.00844321899509979,0.005943111847650614,0.045773390288155205,0.9274111747646328,6,6.3,22.7,TN,ohio_valley
05119,27.930268208049398,12.320482573508329,290563,134300,45121,0.019407150944889748,0.3192663897330355,0.04972071461266576,0.596094478650069,NA,NA,18.3,NA,NA
47091,28.610319347060656,9.766151128504488,14882,92800,29949,0.0017470770057787931,0.02398871119473189,0.012229539040451553,0.9528961161134256,11.4,9.1,20.5,TN,ohio_valley
18105,27.350610921769412,11.224770999999999,115503,146700,38137,0.05577344311403167,0.030813052474827494,0.02562703999030328,0.868462291022744,5.3,6.6,2.4,IN,ohio_valley
50015,27.063533411388647,5.335293999999999,19008,211100,52232,0.004366582491582492,0.004945286195286195,0.011153198653198653,0.9641203703703703,4.6,4.7,8,VT,northeast
26045,29.0113227448093,8.859821,82658,152700,54885,0.01570325921265939,0.05912313387693871,0.03764910837426504,0.8706477291974158,5.8,8.5,13,MI,upper_midwest
51069,28.205159000658398,11.086355552303157,58630,248600,61973,0.012314514753539145,0.037045880948319974,0.05278867473989425,0.8864233327647962,4.2,4.4,17.8,VA,southeast
18039,27.09773692240039,11.849734713683393,141384,128000,47258,0.009640411927799469,0.05114440106376959,0.11081169014881458,0.8166765687772308,9.8,9.1,34.6,IN,ohio_valley
19111,28.057516862261785,11.809565,27901,78900,42444,0.004981900290312175,0.030823267983226408,0.024586932368015485,0.928174617397226,7.7,5.5,19.6,IA,upper_midwest
06065,27.77954397816371,6.991667,1569533,325300,57768,0.06270145323481571,0.060289907889799065,0.39874472215620826,0.4526626709983161,NA,NA,20.7,NA,NA
21113,28.092346530896403,11.813591591765064,36037,150200,47494,0.008408025085328967,0.02863723395399173,0.022393650969836556,0.9285456614035574,6.4,5.5,14.6,KY,ohio_valley
37107,29.39876214775783,9.5454689671439,45163,91900,33625,0.004317693687310409,0.3883045856121161,0.05232159068263844,0.5449815114142107,6.7,9.4,28.1,NC,southeast
36059,26.290747308833584,8.890609070358252,1027952,487900,93613,0.07374079723566859,0.10265751708250968,0.13444402073248557,0.6750237365168802,5,5.6,9.9,NY,northeast
48071,27.577173290691064,10.830508,25085,136600,66764,0.009368148295794299,0.08339645206298585,0.1581423161251744,0.7366553717360973,6.8,5.3,22.3,TX,south
21009,27.428681602538973,11.490598,31957,96400,38374,0.004067966329755609,0.03848921988922615,0.020684044184372752,0.9282160403041587,6.4,6.4,21.3,KY,ohio_valley
42059,28.845559256991656,11.629545037391665,31006,81800,40498,0.0025801457782364703,0.03899245307359866,0.012062181513255499,0.9373024575888538,5,6.7,13.7,PA,northeast
18021,30.393299861503674,12.531853537165379,20449,87100,44666,0.0018582815785612987,0.0032764438358843955,0.009193603599198005,0.9773094038828305,4.5,7.2,22.5,IN,ohio_valley
17061,26.97616205234126,11.133929,10688,72000,41450,8.420658682634731e-4,0.010479041916167664,0.007391467065868264,0.9749251497005988,5,5.4,29.6,IL,ohio_valley
41017,26.47726924907523,4.535184999999999,121512,314400,53071,0.00906083349792613,0.0028145368358680626,0.057549871617618015,0.9069639212588058,6.9,9.4,14.5,OR,northwest
08083,26.131167422041496,5.923729,19536,191500,44103,0.004248566748566748,0.0015868140868140867,0.09101146601146601,0.7912059787059788,NA,NA,23.2,NA,NA
37161,27.281285847555598,10.333058,52586,101100,35364,0.004069524207964097,0.0974974327767847,0.027459780169626895,0.8609706005400677,10.9,11.7,23,NC,southeast
13195,32.956122496168696,11.380583,21246,128100,41343,0.00630706956603596,0.08175656594182434,0.030217452696978255,0.872823119646051,6.5,7.2,29.6,GA,southeast
54033,28.03589231990967,11.977187581143738,53927,95500,39191,0.00437628646132735,0.015483894894950582,0.011404305820831866,0.9573126634153578,5.8,7.4,24.2,WV,ohio_valley
20209,29.054510924540722,9.840549249661038,113070,97600,38503,0.023083045900769435,0.24404351286813478,0.22132307420182187,0.4888476165207394,11.1,11,27.5,KS,south
19113,27.335024989078683,10.52360634817756,159379,136400,53674,0.01735485854472672,0.03190508159795205,0.02100025724844553,0.9168083624567854,4.1,4.8,11.7,IA,upper_midwest
51171,27.33292926992575,10.240164,32764,216200,50171,0.005158100354047125,0.01584055670858259,0.04755219142961788,0.9220180686118911,5.6,4.1,11.1,VA,southeast
04013,27.020132874778344,8.16913716855461,2809256,238600,55054,0.03480743655971545,0.044767369011581716,0.24709353650931065,0.6428196647083783,NA,NA,20.9,NA,NA
24013,27.376882609634688,10.29413164008069,125897,350900,81621,0.013638132759319126,0.03148605606170123,0.02220863086491338,0.9227384290332573,2.7,3.5,7.9,MD,northeast
54079,27.999476904635095,12.527001637751303,42362,135200,52618,0.0065152731221377646,0.00755393985175393,0.006822151928615268,0.9704452103300127,3,4,15.3,WV,ohio_valley
25013,27.74288604770934,8.861819696900914,353605,200500,47724,0.018201100097566494,0.0732427426082776,0.16968085858514445,0.7253545622940852,7.1,10.1,19.5,MA,northeast
05087,27.02416212087669,11.139831,11916,97700,36502,0.004615642833165492,0.001426653239342061,0.03709298422289359,0.9346257133266197,NA,NA,18.3,NA,NA
17131,31.238422271644353,12.732492868602433,12714,102800,50909,0.0025955639452571967,0.0025955639452571967,0.012977819726285984,0.9765612710397986,6.5,4.7,10.3,IL,ohio_valley
51127,27.68841639685129,9.58543083864035,14328,251000,70590,0.008863763260748185,0.13874930206588498,0.016122278056951423,0.8106504745951982,4,5.1,16,VA,southeast
28161,30.340229302614354,9.789916,9656,61700,29911,0.0014498757249378626,0.35490886495443247,0.009527754763877383,0.6276926263463132,10,13.1,33.3,MS,south
17099,28.173491726965597,9.445133,87706,125500,51705,0.006441976603653114,0.019097895240918525,0.062264839349645405,0.9043508995963788,7.4,10,17.6,IL,ohio_valley
51073,29.293827598967596,9.456443972646573,28718,228100,59331,0.0076607006058917754,0.08834180653248834,0.021171390765373634,0.8657288111985514,3.2,3.8,21.9,VA,southeast
21227,27.529058519146897,11.490598,87880,135400,43954,0.02485207100591716,0.08781292671825217,0.035798816568047336,0.8382111970869367,6.5,7.8,7.8,KY,ohio_valley
17165,30.748003483122304,11.268333,19209,69400,35644,0.003696184080378989,0.032693008485605704,0.009943255765526576,0.9398198760997449,7,7.4,22.5,IL,ohio_valley
42087,27.353427145292997,9.01108,35898,92500,37539,0.0035656582539417237,0.0048470666889520305,0.007187029918101287,0.9771853585157948,6.1,8.1,30.7,PA,northeast
54051,30.25675778161122,13.998235823239872,26215,77900,34419,0.0036238794583253863,0.004768262445164982,0.0071333206179668126,0.9780278466526797,6.6,9.4,22.2,WV,ohio_valley
26065,29.62315287490038,8.859821,222296,137900,45808,0.052646021520855076,0.10260193615719582,0.05879547990067298,0.7610168424083205,6.5,9.6,6.4,MI,upper_midwest
54081,28.515634987539915,10.329167,62479,88000,38036,0.00981129659565614,0.08196353974935579,0.011667920421261543,0.8835128603210679,5.5,6.1,16.1,WV,ohio_valley
17111,26.993307927215504,10.552554909428771,224585,249700,76482,0.024195738807133157,0.008829619075183115,0.09435180443929915,0.8641761471157914,6.3,7,14.7,IL,ohio_valley
05051,26.77130130897977,11.012397,75931,126900,36844,0.007085380147765735,0.07101183969656662,0.03791600268664972,0.8652855882314207,NA,NA,27.5,NA,NA
34001,27.64596357013706,8.74960030154107,210661,264400,54766,0.0731364609491078,0.1420671125647367,0.14450705161373012,0.6240879897085839,7.1,9.4,11.1,NJ,northeast
13207,30.89982711132582,13.768545999999999,20471,152400,48297,0.007815934736944946,0.23472229006887793,0.017146206829172977,0.7311318450490938,6,5.2,29.2,GA,southeast
48409,28.701236698239438,10.197222,46529,88300,45189,0.008661265017515957,0.01427066990479056,0.50289067033463,0.46368931204195235,6.4,6.7,17.5,TX,south
42027,26.991037408077645,9.01108,129478,175800,47016,0.05404006858307975,0.03091644912649253,0.02430528738472945,0.8781337370055144,4.7,5.6,5.2,PA,northeast
39045,28.22955347070836,12.733051,107747,167200,56796,0.010153414944267589,0.05282745691295349,0.013596666264489963,0.9109673587199644,5.5,6.2,20.6,OH,ohio_valley
21017,26.15717500850267,12.096231216435696,15172,137700,40849,0.002636435539151068,0.05978117585025046,0.054376482994990774,0.8741102030055365,7.2,8.5,28.7,KY,ohio_valley
18119,27.9844400793814,11.224770999999999,16564,95700,44285,0.0028374788698382033,0.0027167350881429604,0.007727602028495532,0.9774209128229896,6.8,7.1,29.9,IN,ohio_valley
27027,27.94652601031041,8.448333,45255,146100,50057,0.015865650204397303,0.012727875372886974,0.026118660921445144,0.9232350016572755,2.7,5.1,6.1,MN,upper_midwest
28145,29.13187643534861,11.962392999999999,20144,78600,35928,0.0015389197776012708,0.13706314535345512,0.036785146942017476,0.8175635424940428,7.3,6.1,26.2,MS,south
17127,24.181436468933505,11.436283,11911,81800,41077,0.0030224162538829654,0.05759382083788095,0.012341533036688775,0.9147006968348586,3.4,7.5,15.8,IL,ohio_valley
05085,28.34069825404325,12.207905967356293,49525,117900,50757,0.007632508833922262,0.057768803634528014,0.025906108026249368,0.8933669863705199,NA,NA,22.1,NA,NA
21211,28.23174256021981,11.379508,31631,169500,55296,0.0052480161866523345,0.07236571717618792,0.07416774683064083,0.8359204577787613,5,6.2,26.7,KY,ohio_valley
06061,25.88047334247472,4.758696,263347,427600,74447,0.05685274561699962,0.012846168743141179,0.10829058238749635,0.7912981731327868,NA,NA,12.6,NA,NA
06057,25.70789958808059,4.758696,79658,444100,57121,0.011925983579803661,0.0031886313992317158,0.0695347611037184,0.8870044439980919,NA,NA,12.4,NA,NA
37033,28.98185560104256,10.277337859456818,18830,97500,36927,0.0022304832713754648,0.34285714285714286,0.025225703664365374,0.6181093998937865,11.9,13.4,30.6,NC,southeast
47163,28.567486435343152,10.830508,124530,110500,39957,0.005340078695896571,0.019842608206857786,0.011659841002168152,0.9530554886372762,7,7.2,16.8,TN,ohio_valley
12039,29.361451931949105,9.727869,35184,104500,35728,0.005286493860845839,0.5308378808549341,0.07568781264211005,0.3785527512505684,8.4,11.4,35.9,FL,southeast
18095,29.090554579185188,12.146191169454555,101247,96300,43256,0.00421740891088131,0.0802394145011704,0.0239710806246111,0.8813100635080545,7.5,10,24.3,IN,ohio_valley
39037,30.47952648293171,11.969166999999999,39746,114600,44280,0.0028430533890202786,0.0036481658531676143,0.00903235545715292,0.9769536557137826,8.1,8.1,16.6,OH,ohio_valley
24031,26.011795723664278,9.445546992474512,738247,482900,93373,0.14169376915856075,0.16061020227647385,0.15719535602582876,0.5174135485819786,5,4.7,15.2,MD,northeast
08013,25.427743141774506,6.390727789876324,231813,353300,64839,0.040316979634446734,0.007730368874912106,0.1086047805774482,0.8245007829586779,NA,NA,7.2,NA,NA
33013,27.45591712458038,7.39882563261976,114499,243600,63012,0.014480475812015826,0.008742434431741762,0.01233198543218718,0.9526808094393837,4,5.3,13,NH,northeast
46011,27.31587530808058,8.687287999999999,25927,138300,45134,0.026767462490839666,0.007521116982296448,0.016392178038338413,0.9324642264820457,2.8,3.3,3.4,SD,rockies
17163,28.84909387732913,12.811289861224138,201468,122400,48562,0.012721623285087458,0.27981614946294203,0.027269839378958445,0.6651031429308872,7.4,8.6,17.4,IL,ohio_valley
36103,26.972465288780278,7.767221999999999,1135680,424200,84506,0.033583403775711465,0.06516800507185122,0.14882273175542407,0.7395745280360665,5.2,5.3,12.2,NY,northeast
18113,28.870890103190114,10.564286,34686,112600,45818,0.0034596090641757483,0.0033154586865017585,0.07366084299140864,0.9113475177304965,8.7,7.8,27.8,IN,ohio_valley
01111,28.082653269288905,10.536283,17440,88100,34593,0.002408256880733945,0.1890481651376147,0.0213302752293578,0.7762614678899082,NA,NA,26.4,NA,NA
39165,25.584841875251502,11.996460973601332,154218,194700,71274,0.034918102945181495,0.03550169240944637,0.01787729058864724,0.9014187708309017,5.8,5.3,19.7,OH,ohio_valley
55087,28.193635412857436,9.758823999999999,132271,153500,55914,0.02442712310332575,0.008013850352685018,0.027693145133853982,0.9176917086889794,4.5,5.5,13.8,WI,upper_midwest
06077,28.154283278805877,8.876786,484582,318600,54341,0.1415611805638674,0.07010784552459645,0.340580128853321,0.4110573649041855,NA,NA,23.8,NA,NA
05063,26.401666824918216,11.014166999999999,27855,82400,34625,0.006677436725901992,0.018057799317896247,0.04580865194758571,0.9158858373721055,NA,NA,12.3,NA,NA
21067,27.288503219627774,12.079748456049153,233170,159200,47469,0.03121756658232191,0.13217823905305143,0.05744306728996011,0.7635544881416992,5.5,6,10.4,KY,ohio_valley
51730,28.991279356397005,9.717241192764781,25713,115900,36449,0.00840042002100105,0.7701162835919574,0.03266830008167075,0.1730253179325633,13.5,14.1,26.6,VA,southeast
19157,26.926577752206665,8.063094999999999,14962,108900,50998,0.014570244619703248,0.010292741612083945,0.021588022991578665,0.9409838256917524,3.7,5.1,5.6,IA,upper_midwest
12111,28.354743211151796,7.605217,215781,177200,45196,0.014968880485306863,0.16408766295456967,0.14063796163703013,0.6641965696701748,11.4,10.5,25.8,FL,southeast
29165,27.429319783976084,10.262846105122486,67326,185100,65948,0.022888631435106794,0.0534860232302528,0.04099456376437038,0.8621186465852717,4.9,3.4,11.1,MO,ohio_valley
21059,26.4083282632616,12.87423191781798,73051,106400,42821,0.00633803780920179,0.04440733186404019,0.01961643235547768,0.9207676828517063,5.9,6.1,15.7,KY,ohio_valley
16027,28.445837237810483,5.715926886142849,129431,151300,43218,0.0086841637629316,0.0040871197781057085,0.19582634762923876,0.7688652641175607,7.8,9.3,24.3,ID,northwest
06063,24.897384480663224,7.235467454160148,16406,289100,44000,0.006156284286236742,0.008777276606119712,0.06461050835060343,0.8763866877971473,NA,NA,29.3,NA,NA
54041,27.757751675643075,11.963963999999999,12975,87400,33293,0.0033140655105973024,0.003391136801541426,0.005472061657032755,0.9784200385356455,5.2,6.9,20.6,WV,ohio_valley
51191,28.199503998886353,10.830508,44122,126100,40422,0.0032863424142151308,0.012624087756674675,0.011150899777888582,0.9660033543357055,5.6,6.2,10,VA,southeast
31043,28.506224447345723,10.66,14688,97800,43729,0.030433006535947712,0.030705337690631808,0.28274782135076254,0.6279956427015251,3.8,4.4,22.9,NE,rockies
51700,29.48185932529051,9.189894633858726,136806,198500,49562,0.029216554829466543,0.37487390903907725,0.0659766384515299,0.5010745142756896,7.5,6.4,9.9,VA,southeast
42071,27.644411408761833,11.647661,390430,184400,54765,0.018074943011551367,0.029073073278180466,0.07102937786543043,0.8724406423686705,4.8,5.1,18.9,PA,northeast
26163,28.678762835918896,10.400382480071556,1358789,121100,42241,0.02409130483099289,0.3918709968950293,0.043518898077626475,0.5215997480109127,13.5,16.4,21.9,MI,upper_midwest
29510,27.5866546906743,13.146592214778568,251755,122200,33652,0.031125498997040774,0.44810629381740186,0.031423407678099737,0.47064805068419696,11.2,12.1,18.6,MO,ohio_valley
37045,29.344867559425065,10.826271,75080,103300,38208,0.007538625466169419,0.19376664890783166,0.022109749600426214,0.7670351624933405,10.3,11.6,21,NC,southeast
18181,28.2178931741718,11.672222,18683,111000,45891,0.003265000267622973,0.0016592624310870845,0.05084836482363646,0.9347535192420917,7.5,7.6,22.8,IN,ohio_valley
22077,24.93844646732288,9.30339,17327,108600,41177,0.0020199688347665493,0.3418364402377792,0.018064292722340856,0.6288451549604663,5.7,5.7,36.5,LA,south
12081,27.119799180554143,7.052586,256550,214000,47812,0.015626583511985967,0.07194309101539662,0.1176261937244202,0.783640615864354,7.5,8.8,25.2,FL,southeast
45083,27.459317747638742,11.405439715463285,214857,116300,42680,0.018630996430183795,0.19797819014507323,0.04711505792224596,0.7261480891942083,8.9,7.7,18.3,SC,southeast
26099,27.894179614817034,9.076893466672027,647323,157000,53996,0.028007656146931285,0.07539976178816449,0.01832933481430445,0.8627532159370206,9.9,11.5,14.4,MI,upper_midwest
21235,28.797707910512116,12.831667,27128,64400,28122,0.0033176054261279857,0.006524624004718372,0.007003833677381303,0.9716897670303746,4,13.1,16.5,KY,ohio_valley
34039,26.890079751891076,9.616343620214147,405241,397200,66791,0.04611330048045484,0.20344437014023753,0.2608867315992212,0.47438684634575473,8.1,7.7,17.3,NJ,northeast
37191,28.0163646691095,10.638333,92139,104800,41224,0.0122966387740262,0.30437708245151346,0.0793040949000966,0.5888820152161408,9,8,22.4,NC,southeast
01089,28.120307873916257,11.585833,255321,155600,55851,0.02447898919399501,0.23072916054691936,0.039855711046094915,0.6811660615460537,NA,NA,17.6,NA,NA
21123,27.46449844937645,11.861345,10818,97200,38891,0.0015714549824366797,0.031244222591976335,0.019966722129783693,0.9360325383619893,7.8,6.7,19.9,KY,ohio_valley
40121,28.233433774336504,9.840983999999999,35717,83000,39245,0.0038917042304784837,0.035725284878349244,0.03152560405409189,0.7576224206960271,3.9,3.4,30.4,OK,south
37011,28.442645325008005,9.389570879217153,14738,155100,34918,0.002849776089021577,0.046139231917492196,0.03813271814357443,0.9025647984801194,3.3,10,11.9,NC,southeast
39135,25.57973606176044,12.12093560322703,32032,123500,49780,0.00359015984015984,0.0037774725274725275,0.004214535464535465,0.9779595404595405,6.9,7.5,18.7,OH,ohio_valley
18011,26.38879871088542,13.996011,40723,174300,68594,0.015519485303145642,0.008250865604204013,0.01728752793261793,0.9504948063747759,3.5,3.5,25.7,IN,ohio_valley
48135,28.80524906597769,7.068518999999999,97322,75500,45815,0.007696101600871334,0.04048416596453012,0.474044923038984,0.4651055259859025,5.7,4.8,26.7,TX,south
55133,27.11106758139207,11.712877936339453,296081,262200,75064,0.024628395607958632,0.009946602450005235,0.032038529996858967,0.9250813122084834,3.7,5,10,WI,upper_midwest
36063,27.279879272160084,8.793662648322616,169979,97600,45964,0.008212779225669053,0.060848693073850296,0.016554986204178165,0.8943398890451173,5.6,8,14.7,NY,northeast
01077,29.31864373336251,10.546956999999999,72727,107400,39345,0.0077825291844844414,0.09409160284351066,0.01735256507211902,0.8687420077825292,NA,NA,15.8,NA,NA
12095,27.51303394288894,7.469854546765393,875809,228600,50138,0.05009083030660795,0.18012374844286824,0.25152173590360455,0.4950268837155133,7.7,8.7,15.5,FL,southeast
51145,26.0589649360301,9.658678,21569,279300,73593,0.004450832212898141,0.14789744540776115,0.014975195882980203,0.82312578237285,3.6,2.2,39.3,VA,southeast
37025,28.385883543400148,11.260649880536942,129230,164100,53928,0.0182929660295597,0.14054012226263252,0.07523794784492766,0.7536794861874178,8.6,8.7,17.2,NC,southeast
19139,28.555088417815696,12.687214439750669,31581,120300,51025,0.007694499857509262,0.010132674709477218,0.12555017257211615,0.8479148855324404,8,5.4,23.2,IA,upper_midwest
51165,27.2610265207719,11.233425923131247,58242,192900,49930,0.005185261495140964,0.015847670066275195,0.0404690772981697,0.9303938738367501,3.8,3.6,16.3,VA,southeast
51031,28.92870780558037,9.804274,42798,134000,43478,0.009065844198327025,0.14063741296322257,0.014930604233842702,0.8234964250665919,4.7,5.8,16,VA,southeast
21215,29.12519968636153,13.225833,12675,167300,59326,0.0041025641025641026,0.015463510848126232,0.01088757396449704,0.9606311637080868,8.6,10,18.5,KY,ohio_valley
18067,28.596033400520923,12.502678999999999,63167,108300,45003,0.008263808634255227,0.06155112637928032,0.02015292795288679,0.8954517390409549,8.8,10.7,24.2,IN,ohio_valley
13223,27.160259536591994,11.760156120784846,99230,149600,62348,0.009180691323188552,0.15657563236924318,0.042678625415700895,0.7759750075581981,8,7.7,21.4,GA,southeast
54103,28.335730957699212,14.095725999999999,13119,82200,36636,0.0021343090174555986,0.0010671545087277993,0.004802195289275097,0.9863556673526945,4.1,9,14.4,WV,ohio_valley
19193,27.853777523062266,10.66,74958,94700,44343,0.022746071133167907,0.021411990714800287,0.10453854158328664,0.8226473491822087,6,5.1,16.5,IA,upper_midwest
10001,28.32639677065434,9.571145385686584,121931,207500,53183,0.020946272892045502,0.2243071901321239,0.0472890405229187,0.6824023423083547,5.8,7.9,17.3,DE,northeast
37071,27.641088286320432,10.869126347418625,156845,120800,43253,0.011463546813733303,0.13990882718607542,0.048283337052504066,0.7873569447543753,10.4,10.8,25,NC,southeast
13047,29.94407860059896,11.072994894005303,48002,132600,46544,0.011666180575809341,0.019228365484771467,0.01833256947627182,0.9377525936419315,6.2,5.4,21.8,GA,southeast
13089,27.500115637605884,12.505578055472334,526757,190000,51349,0.05283081193035878,0.5154558933246259,0.08907522823616962,0.32526572973876,10.6,10.2,19.1,GA,southeast
48215,28.68594962928854,9.726923,506285,73000,31879,0.010168185903196816,0.004112308284859319,0.8819459395399825,0.10102215155495423,7.4,9.8,26,TX,south
48355,27.49577982318336,10.197222,251968,103900,43280,0.017216471932943865,0.03647685420370841,0.5675125412750825,0.3672966408432817,7.5,6.8,19.1,TX,south
13115,27.878494086950226,12.562952354350298,72872,118300,41066,0.012569985728400483,0.1321357997584806,0.07377319134921506,0.7708722142935558,7.6,7.8,21.8,GA,southeast
17193,27.487882815577255,11.268333,11600,62900,39728,0.0020689655172413794,0.0025,0.008706896551724137,0.979396551724138,6,7.8,17.5,IL,ohio_valley
17167,29.27631925306119,11.466379,150649,118900,52232,0.016296158620369202,0.09987454281143586,0.014636671999150343,0.8564079416391746,4.8,7.8,16.4,IL,ohio_valley
13015,26.10863460625259,11.940282103030075,73357,146800,49216,0.0071022533636871735,0.09590086835612144,0.06142563081914473,0.8224709298362801,7.2,6.2,28.5,GA,southeast
34007,27.93926739409798,10.652998759366312,388540,223700,60976,0.05039635558758429,0.17506048283317033,0.12229886240798889,0.6383126576414269,8,8.6,17.8,NJ,northeast
06001,26.03297711173357,8.594475996076191,1169650,590900,69384,0.2630333860556577,0.12242465694865985,0.19764288462360535,0.3735185739323729,NA,NA,13.9,NA,NA
39113,28.365313516253497,13.64827895879197,411874,119100,43965,0.017226141975458513,0.19352034845608124,0.01852265498671924,0.7539902980037584,7.8,10.4,15.8,OH,ohio_valley
13083,26.11385825398691,10.475825580100206,13047,123400,39760,0.0068981375028742235,0.009887330420786388,0.013566337088985974,0.9554686901203342,8.5,5.8,15,GA,southeast
51095,25.779193614896702,9.123403999999999,52624,348600,73903,0.022328215262997872,0.12515202189115232,0.037359379750684096,0.7983809668592278,3.5,3.6,19,VA,southeast
28001,29.432544439144873,10.418182,25102,77500,27096,0.0043422834833877775,0.491036570791172,0.08134809975300773,0.41411042944785276,10.7,12.8,25.3,MS,south
51570,22.76140365796491,9.726763497430172,13523,187700,50571,0.03364638024107077,0.08666715965392295,0.030466612438068474,0.8330991643866006,4.8,5.3,15.5,VA,southeast
13063,27.790551342345214,13.116141683478439,184445,127800,43311,0.05256309468947383,0.637946271246171,0.11836048686600341,0.17480549757380248,11.9,11.8,25.3,GA,southeast
01083,29.946539416334335,11.371531066077175,62923,122300,46682,0.009869205219077285,0.12742558364985776,0.04303672742876214,0.802647680498387,NA,NA,25,NA,NA
51059,25.118250758775375,10.247177396020376,819078,507800,105416,0.1748771179301605,0.08644475861883728,0.14521693904609817,0.5685941998197974,4.2,3.7,14.8,VA,southeast
55003,26.51695866263383,5.266667,12413,103000,38111,0.0028196245871263998,0.0023362603721904453,0.013453637315717392,0.8634496092805929,7.8,9.1,14,WI,upper_midwest
49035,26.873996663044036,9.384185535303194,729874,237500,58004,0.03516223348139542,0.012648758552846107,0.14692124942113297,0.7723524882376959,5.1,5.4,17.2,UT,southwest
22071,28.07404242584291,9.868544683617946,270614,184100,37468,0.029839550060233394,0.5574434434286475,0.054247008654393344,0.34163790491253226,10.9,11.3,17.2,LA,south
30031,25.899009727146968,7.576725123185254,70780,277300,50136,0.011415654139587453,0.0025996044080248658,0.02277479513987002,0.9422011867759253,3.4,4,4.9,MT,rockies
42091,26.767630226310498,9.916982476379475,616375,297200,76380,0.06183735550598256,0.08117460961265463,0.0369450415737173,0.8086343540863922,4.7,4.9,11.7,PA,northeast
24033,28.572585235345173,10.517582984348328,657421,327600,71260,0.04387295203530158,0.626104125058372,0.13484662035438477,0.1733805278504946,6.5,8.2,15.4,MD,northeast
17041,29.27534730347609,10.578571,14806,93000,46941,0.00405241118465487,0.0021612859651492637,0.048628934215858434,0.9375253275699041,5.6,4.3,30.9,IL,ohio_valley
37195,29.849437202137917,10.057879033126586,61182,111100,38596,0.0077964107090320684,0.37444019482854435,0.07603543525873623,0.5315779150730607,9.8,10.2,28.8,NC,southeast
55089,26.75907927584109,9.526713396842979,66023,255600,74996,0.015146236917437862,0.012450206746133924,0.017266710085879163,0.9469427320782152,3.4,4.7,11.5,WI,upper_midwest
38015,26.70518829749988,7.665546,62965,152900,53465,0.004510442309219408,0.005320416104184864,0.009735567378702454,0.9394743111252283,2.1,2.5,10.9,ND,rockies
13241,27.36307715386807,8.688073,12847,175700,34406,0.004514672686230248,0.005604421265665136,0.06375029189694092,0.9128979528294543,5.6,11,16.2,GA,southeast
24043,27.911405944140494,10.769659603341452,113651,238000,52994,0.012828747657301739,0.0924320947461967,0.027707631257094086,0.853305294278097,5.2,7.3,20.8,MD,northeast
19049,28.138815678433467,10.039761424244013,46914,176600,67037,0.0237455770132583,0.01146779213028094,0.04908982393315428,0.9078952977789146,2.8,3.9,10.2,IA,upper_midwest
37155,29.247513765062326,10.592562,98241,69200,29667,0.007685182357671441,0.23880050080923443,0.0674260237579015,0.30436375851223013,8.1,9.2,29.3,NC,southeast
18173,27.608695320665394,12.951060863289943,44258,140200,62354,0.014008766776627954,0.011997830900628136,0.011500745627909079,0.9538162592073749,4.6,5.5,21,IN,ohio_valley
26049,28.997263738301008,8.844261999999999,319211,118000,43483,0.009169483507773855,0.19034745043247256,0.024472840848216385,0.7564025049262086,11.5,14.7,20.5,MI,upper_midwest
37067,27.333719310944197,10.780088030888068,265269,149000,46749,0.01757084318182675,0.24868341193279275,0.09193686408890597,0.6283659228933649,6.8,7.6,18.7,NC,southeast
27139,26.39270369871659,9.187065507234092,90700,274300,82190,0.053880926130099226,0.0211135611907387,0.036427783902976844,0.8693384785005512,4.3,5.4,16.6,MN,upper_midwest
27141,28.5492006851051,8.171552,62722,226300,71704,0.013456203564937343,0.018621855170434617,0.018159497465004306,0.9364337871879086,5.2,7.1,18.2,MN,upper_midwest
39099,28.414363795377756,12.327143081624198,187485,98400,40123,0.006864549163933115,0.13925380697122436,0.039400485372163105,0.8030722457796624,7.3,11.4,17.5,OH,ohio_valley
01121,29.214820909947527,11.547315898545431,63006,87000,36948,0.00407897660540266,0.3020982128686157,0.018950576135606134,0.6637939243881535,NA,NA,22.3,NA,NA
34017,27.423949372997757,10.025166211506408,503104,383900,55275,0.1389255501844549,0.10661215176186235,0.39880819870245515,0.33430264915405167,9.3,7.8,15.2,NJ,northeast
09005,26.44662429517907,6.191306788414601,148975,285800,69639,0.013854673602953515,0.011324047659003189,0.035737539855680484,0.9286054707165632,NA,NA,11.4,NA,NA
37157,28.79642753506605,10.255959867026512,72854,101000,39231,0.004186455101984792,0.18506876767233096,0.04185082493754633,0.7569110824388503,8.7,9.8,27.9,NC,southeast
34035,26.02983302096056,8.003139213220674,242609,431200,97440,0.13478889901034175,0.08258968133910943,0.1200738637066226,0.6492710493015511,5.1,5.4,12.6,NJ,northeast
05045,28.590548019876902,11.015965999999999,85495,127500,45287,0.012024094976314405,0.09495292122346335,0.032996081642201296,0.8413474472191356,NA,NA,5.8,NA,NA
54005,28.577759618425883,12.361467276336054,19004,76400,39783,7.893075142075352e-4,0.004998947589981056,0.0034729530625131552,0.9853188802357399,4.5,7.7,24.8,WV,ohio_valley
51009,28.773595357998886,9.804274,25413,142200,44757,0.004721992680911344,0.188761657419431,0.01664502420021249,0.7679140597332074,4.7,5.4,15.5,VA,southeast
36071,26.948582918645485,8.154385999999999,271284,312100,69523,0.023705784344082218,0.08975096209138762,0.1592722018253933,0.7096585128500023,5.1,6.4,15.1,NY,northeast
22005,27.480957894919623,10.405322807311444,76460,164200,63716,0.009207428720899817,0.21086842793617577,0.04238817682448339,0.7273476327491499,5.6,4.1,24.9,LA,south
45031,30.095753289956217,10.694512960268833,52023,81800,38379,0.002691117390385022,0.39061568921438594,0.014147588566595544,0.5835111393037695,10.6,11.4,26.5,SC,southeast
48141,27.946165354991432,8.059828689805038,559834,101800,36333,0.010988971730905947,0.027202706516574558,0.797900806310442,0.15376700950638938,6.9,6.4,18.1,TX,south
34021,26.634859144496836,9.22280203842478,283531,309300,71217,0.08414600167177487,0.18626181969520086,0.13689155683152812,0.5777498756749703,7.6,7.6,14.5,NJ,northeast
06085,26.34170468821276,9.569903,1352097,701000,86850,0.32182010610185513,0.02490797627684996,0.2381678237582067,0.38615794576868373,NA,NA,15.2,NA,NA
13255,30.118243524046097,13.366071,47862,124400,41100,0.008796122184614098,0.3028707534160712,0.033680163804270614,0.6429944423551043,10.1,10.6,31.6,GA,southeast
39019,27.36275961203366,14.103117166969668,22199,110300,43148,0.0019370241902788414,0.0038290013063651514,0.00603630794179918,0.9783323573133925,5.1,7.5,19.5,OH,ohio_valley
47007,27.416875298654272,13.373332999999999,10108,99700,29729,7.914523149980214e-4,0.04036406806489909,0.01701622477245746,0.9287692916501781,8.8,11.5,11.1,TN,ohio_valley
39153,27.47623664834128,12.68039885617772,418206,141200,47926,0.02078879786516693,0.1306963553846669,0.012926643807118979,0.8217266132001932,7.5,8.4,15,OH,ohio_valley
37121,26.741789320335883,9.806159263528258,12544,105000,32743,0.0027104591836734694,0.0030293367346938774,0.031568877551020405,0.9522480867346939,10.8,5.6,5.7,NC,southeast
06007,26.623449787576416,7.987931,173832,265400,43170,0.035039578443554695,0.013904229370886834,0.11707280592756224,0.7911374200377376,NA,NA,9.2,NA,NA
36053,26.4668614784566,7.6333329999999995,57437,111700,53345,0.008217699392377736,0.01895990389470202,0.01593049776276616,0.941692637150269,5.3,5.7,6.7,NY,northeast
37093,29.620154369191376,11.387603,32767,116900,42927,0.011230811487166967,0.336558122501297,0.10275582140568254,0.4359569078646199,8.5,11.6,29.6,NC,southeast
42011,27.006565804992743,10.053376,313306,170400,53470,0.012288306001161804,0.037627750505895195,0.1290176377088214,0.8117431520622012,6,7.2,16.1,PA,northeast
51161,27.291609525817275,10.388978927605582,72263,189500,59446,0.024051035799786888,0.04770075972489379,0.016896613758078133,0.9014156622337849,3.2,3.7,12.1,VA,southeast
